{"cameraMode":{"drawMode":0,"name":"Shaded","section":"Shading Mode"},"sceneLighting":true,"audioPlay":false,"sceneViewState":{"showFog":true,"showMaterialUpdate":false,"showSkybox":true,"showFlares":true,"showImageEffects":true,"showParticleSystems":true},"in2DMode":false,"pivot":{"x":3.894597053527832,"y":6.20399808883667,"z":-1.897462248802185},"rotation":{"x":0.03036050871014595,"y":0.9645710587501526,"z":-0.22870858013629914,"w":0.1280546486377716},"size":53.03150177001953,"orthographic":false}