{"cameraMode":{"drawMode":0,"name":"Shaded","section":"Shading Mode"},"sceneLighting":true,"audioPlay":false,"sceneViewState":{"m_AlwaysRefresh":false,"showFog":true,"showSkybox":true,"showFlares":true,"showImageEffects":true,"showParticleSystems":true,"showVisualEffectGraphs":true,"m_FxEnabled":true},"in2DMode":false,"pivot":{"x":6.424683094024658,"y":-0.7743351459503174,"z":4.192229270935059},"rotation":{"x":-0.4939044415950775,"y":-0.029472332447767259,"z":0.016754310578107835,"w":-0.8688592314720154},"size":6.067294120788574,"orthographic":false}